[{"pk": 1, "model": "reg.institution", "fields": {"date_updated": "2013-03-19T22:52:05.784Z", "date_created": "2013-03-19T22:52:05.784Z", "name_of_institution": "university of Ghana, Legon"}}, {"pk": 2, "model": "reg.institution", "fields": {"date_updated": "2013-03-19T22:52:37.342Z", "date_created": "2013-03-19T22:52:37.342Z", "name_of_institution": "KNUST"}}, {"pk": 3, "model": "reg.institution", "fields": {"date_updated": "2013-03-20T18:17:05.812Z", "date_created": "2013-03-20T18:17:05.812Z", "name_of_institution": "university of cape coast"}}, {"pk": 4, "model": "reg.institution", "fields": {"date_updated": "2013-03-20T18:17:22.388Z", "date_created": "2013-03-20T18:17:22.388Z", "name_of_institution": "University of Education, Winneba"}}, {"pk": 5, "model": "reg.institution", "fields": {"date_updated": "2013-03-20T18:52:41.920Z", "date_created": "2013-03-20T18:52:41.920Z", "name_of_institution": "UDS,Nyankpala"}}, {"pk": 6, "model": "reg.institution", "fields": {"date_updated": "2013-03-20T18:53:35.260Z", "date_created": "2013-03-20T18:53:35.259Z", "name_of_institution": "UDS,Nyankpala"}}, {"pk": 7, "model": "reg.institution", "fields": {"date_updated": "2013-03-20T19:03:01.536Z", "date_created": "2013-03-20T19:03:01.536Z", "name_of_institution": "ashesi"}}, {"pk": 8, "model": "reg.institution", "fields": {"date_updated": "2013-03-20T19:03:25.344Z", "date_created": "2013-03-20T19:03:25.344Z", "name_of_institution": "UNIVERSITY OF PROFESSIPONAL STUDIES"}}, {"pk": 9, "model": "reg.institution", "fields": {"date_updated": "2013-03-20T19:04:09.387Z", "date_created": "2013-03-20T19:04:09.387Z", "name_of_institution": "Ibadan Polytechnic"}}, {"pk": 13, "model": "reg.host_detail", "fields": {"phone_number": "02334467687", "surname": "AMA", "institution": 1, "date_updated": "2013-03-22T20:45:40.131Z", "room_number": "blk b e303", "Email": "", "date_registered": null, "can_host": 1, "other_name": "BOAKYE", "is_hosting": false, "sex": "Male", "hall": "VOLTA"}}, {"pk": 19, "model": "reg.host_detail", "fields": {"phone_number": "0245180190", "surname": "Ablometi", "institution": 1, "date_updated": "2013-03-22T20:45:42.563Z", "room_number": "n14", "Email": "", "date_registered": "2013-03-22T14:22:53.920Z", "can_host": 1, "other_name": "Alberta", "is_hosting": false, "sex": "Female", "hall": "VOLTA"}}, {"pk": 3, "model": "reg.host_detail", "fields": {"phone_number": "0273216346", "surname": "Adainoo", "institution": 1, "date_updated": "2013-03-22T20:45:36.427Z", "room_number": "C 3101", "Email": "adainoo@gmail.com", "date_registered": "2013-03-20T18:26:34.008Z", "can_host": 1, "other_name": "Bezalel", "is_hosting": true, "sex": "Male", "hall": "ALEX-KWAPONG"}}, {"pk": 12, "model": "reg.host_detail", "fields": {"phone_number": "02345567684", "surname": "Ddem", "institution": 1, "date_updated": "2013-03-22T20:45:39.742Z", "room_number": "blk c d205", "Email": "jewoaym@gmail.com", "date_registered": null, "can_host": 1, "other_name": "Jefer", "is_hosting": false, "sex": "Female", "hall": "SEY"}}, {"pk": 10, "model": "reg.host_detail", "fields": {"phone_number": "0234567664", "surname": "Dela", "institution": 1, "date_updated": "2013-03-22T20:45:38.940Z", "room_number": "d25", "Email": "se@y.com", "date_registered": null, "can_host": 1, "other_name": "Jenn", "is_hosting": false, "sex": "Female", "hall": "LEGON"}}, {"pk": 8, "model": "reg.host_detail", "fields": {"phone_number": "0234567684", "surname": "Deladem", "institution": 1, "date_updated": "2013-03-22T20:45:38.216Z", "room_number": "blk c d205", "Email": "jenniferdelademwoaym@gmail.com", "date_registered": null, "can_host": 1, "other_name": "Jennifer", "is_hosting": false, "sex": "Female", "hall": "PENTAGON"}}, {"pk": 16, "model": "reg.host_detail", "fields": {"phone_number": "0234567754", "surname": "Deladem", "institution": 1, "date_updated": "2013-03-22T20:45:41.448Z", "room_number": "blk c d205", "Email": "jenniferdelademwoaym@gmail.com", "date_registered": null, "can_host": 1, "other_name": "Jennifer", "is_hosting": false, "sex": "Female", "hall": "AKUAFO"}}, {"pk": 14, "model": "reg.host_detail", "fields": {"phone_number": "0234545684", "surname": "Delam", "institution": 1, "date_updated": "2013-03-22T20:45:40.637Z", "room_number": "blk c d205", "Email": "jrdelademwoaym@gmail.com", "date_registered": null, "can_host": 1, "other_name": "Jfer", "is_hosting": false, "sex": "Female", "hall": "AKUAFO"}}, {"pk": 4, "model": "reg.host_detail", "fields": {"phone_number": "0205903952", "surname": "Quaye", "institution": 1, "date_updated": "2013-03-22T20:45:36.806Z", "room_number": "E7", "Email": "cthrnqy@yahoo.com", "date_registered": "2013-03-20T18:28:27.022Z", "can_host": 1, "other_name": "Catherine afoley", "is_hosting": true, "sex": "Female", "hall": "SARBAH"}}, {"pk": 17, "model": "reg.host_detail", "fields": {"phone_number": "02323267687", "surname": "Twm", "institution": 1, "date_updated": "2013-03-22T20:45:41.782Z", "room_number": "blk b e303", "Email": "", "date_registered": null, "can_host": 1, "other_name": "Phip", "is_hosting": false, "sex": "Male", "hall": "COMMONWEALTH"}}, {"pk": 7, "model": "reg.host_detail", "fields": {"phone_number": "0234567687", "surname": "Twum", "institution": 1, "date_updated": "2013-03-22T20:45:37.879Z", "room_number": "blk b e303", "Email": "", "date_registered": null, "can_host": 1, "other_name": "Philip", "is_hosting": false, "sex": "Male", "hall": "PENTAGON"}}, {"pk": 15, "model": "reg.host_detail", "fields": {"phone_number": "02345455687", "surname": "Twum", "institution": 1, "date_updated": "2013-03-22T20:45:41.114Z", "room_number": "blk b e303", "Email": "", "date_registered": null, "can_host": 1, "other_name": "Philip", "is_hosting": false, "sex": "Male", "hall": "AKUAFO"}}, {"pk": 9, "model": "reg.host_detail", "fields": {"phone_number": "0234567607", "surname": "Yeboah", "institution": 1, "date_updated": "2013-03-22T20:45:38.550Z", "room_number": "3303", "Email": "", "date_registered": null, "can_host": 1, "other_name": "Mensah", "is_hosting": false, "sex": "Male", "hall": "SEY"}}, {"pk": 18, "model": "reg.host_detail", "fields": {"phone_number": "0221267684", "surname": "ladem", "institution": 1, "date_updated": "2013-03-22T20:45:42.153Z", "room_number": "blk c d205", "Email": "", "date_registered": null, "can_host": 1, "other_name": "Jennif", "is_hosting": false, "sex": "Female", "hall": "PENTAGON"}}, {"pk": 11, "model": "reg.host_detail", "fields": {"phone_number": "0234564387", "surname": "mensah", "institution": 1, "date_updated": "2013-03-22T20:45:39.351Z", "room_number": "f33", "Email": "", "date_registered": null, "can_host": 1, "other_name": "martin", "is_hosting": false, "sex": "Male", "hall": "JUBILEE"}}, {"pk": 6, "model": "reg.host_detail", "fields": {"phone_number": "0268098923", "surname": "nyarko-mensah", "institution": 1, "date_updated": "2013-03-22T20:45:37.557Z", "room_number": "E309", "Email": "nyarkomensahpearl@ymail.com", "date_registered": "2013-03-20T18:53:46.078Z", "can_host": 2, "other_name": "Pearl", "is_hosting": true, "sex": "Female", "hall": "PENTAGON"}}, {"pk": 1, "model": "reg.host_detail", "fields": {"phone_number": "self", "surname": "self", "institution": 1, "date_updated": "2013-03-22T20:45:35.701Z", "room_number": "self", "Email": "self@congress.com", "date_registered": "2013-03-19T22:52:12.161Z", "can_host": 100, "other_name": "host", "is_hosting": false, "sex": "Male", "hall": "COMMONWEALTH"}}, {"pk": 2, "model": "reg.host_detail", "fields": {"phone_number": "0248302860", "surname": "stephen", "institution": 1, "date_updated": "2013-03-22T20:45:36.027Z", "room_number": "d 106 blk C", "Email": "skamponsah@st.ug.edu.gh", "date_registered": "2013-03-20T08:07:53.482Z", "can_host": 3, "other_name": "amponsah", "is_hosting": true, "sex": "Male", "hall": "PENTAGON"}}, {"pk": 5, "model": "reg.host_detail", "fields": {"phone_number": "0242206604", "surname": "worlanyo", "institution": 1, "date_updated": "2013-03-22T20:45:37.197Z", "room_number": "2067", "Email": "", "date_registered": "2013-03-20T18:53:21.284Z", "can_host": 1, "other_name": "damalie", "is_hosting": true, "sex": "Male", "hall": "SEY"}}, {"pk": 1, "model": "reg.guest_detail", "fields": {"phone_number": "0242376444", "surname": "Asamoah", "date_updated": "2013-03-21T01:11:58.280Z", "gender_match": null, "sex": "Male", "date_registered": "2013-03-19T22:52:54.817Z", "host": 3, "other_name": "Isaac", "Nationality": "Ghana", "institution": 2, "Email": ""}}, {"pk": 2, "model": "reg.guest_detail", "fields": {"phone_number": "", "surname": "Ayodele", "date_updated": "2013-03-21T01:09:06.194Z", "gender_match": null, "sex": "Male", "date_registered": "2013-03-20T19:13:51.339Z", "host": 6, "other_name": "Tope", "Nationality": "Nigeria", "institution": 9, "Email": ""}}, {"pk": 3, "model": "reg.guest_detail", "fields": {"phone_number": "05419008790", "surname": "HELA", "date_updated": "2013-03-21T00:51:36.508Z", "gender_match": null, "sex": "Male", "date_registered": "2013-03-20T19:15:00.624Z", "host": 6, "other_name": "BRAIN ", "Nationality": "Ghana", "institution": 2, "Email": ""}}, {"pk": 4, "model": "reg.guest_detail", "fields": {"phone_number": "0243630049", "surname": "twum", "date_updated": "2013-03-21T00:51:36.106Z", "gender_match": null, "sex": "Male", "date_registered": "2013-03-20T19:15:01.048Z", "host": 2, "other_name": "philip", "Nationality": "Ghana", "institution": 7, "Email": "philipodurotwum@ymail.com"}}, {"pk": 5, "model": "reg.guest_detail", "fields": {"phone_number": "0200000455 ", "surname": "Asamoah", "date_updated": "2013-03-21T00:51:35.705Z", "gender_match": null, "sex": "Male", "date_registered": "2013-03-20T19:15:02.041Z", "host": 2, "other_name": "Fifi", "Nationality": "Ghana", "institution": 2, "Email": ""}}, {"pk": 6, "model": "reg.guest_detail", "fields": {"phone_number": "0234569780", "surname": "AKUA", "date_updated": "2013-03-21T00:51:35.338Z", "gender_match": "", "sex": "Female", "date_registered": "2013-03-20T19:15:29.359Z", "host": 4, "other_name": "DANSUA", "Nationality": "Ghana", "institution": 2, "Email": ""}}, {"pk": 7, "model": "reg.guest_detail", "fields": {"phone_number": "0248302860", "surname": "pedro", "date_updated": "2013-03-21T01:13:03.217Z", "gender_match": null, "sex": "Female", "date_registered": "2013-03-21T01:13:03.217Z", "host": 5, "other_name": "Libaa", "Nationality": "Ghana", "institution": 1, "Email": "skamponsah@st.ug.edu.gh"}}, {"pk": 8, "model": "reg.guest_detail", "fields": {"phone_number": "0231231211", "surname": "Antwi", "date_updated": "2013-03-21T01:14:02.208Z", "gender_match": null, "sex": "Female", "date_registered": "2013-03-21T01:14:02.208Z", "host": 2, "other_name": "sekina tu", "Nationality": "Nigeria", "institution": 2, "Email": "stephenamponsah508@gmail.com"}}, {"pk": 1, "model": "reg.alumni", "fields": {"phone_number": "0248302860", "comment": "", "surname": "kwaku", "Banquet": false, "date_updated": "2013-03-20T08:00:50.021Z", "institution": 2, "date_registered": "2013-03-20T08:00:50.021Z", "other_name": "amponsah", "sex": "Male", "email": "stephenamponsah508@gmail.com"}}, {"pk": 2, "model": "reg.alumni", "fields": {"phone_number": "02445563422", "comment": "", "surname": "Boasiako", "Banquet": false, "date_updated": "2013-03-20T18:17:38.071Z", "institution": 4, "date_registered": "2013-03-20T18:17:38.070Z", "other_name": "Robert", "sex": "Male", "email": ""}}, {"pk": 3, "model": "reg.alumni", "fields": {"phone_number": "0244556342", "comment": "", "surname": "Wiafe", "Banquet": true, "date_updated": "2013-03-20T18:21:40.026Z", "institution": 4, "date_registered": "2013-03-20T18:21:40.026Z", "other_name": "Robert", "sex": "Male", "email": "roboasi@gmail.com"}}, {"pk": 4, "model": "reg.alumni", "fields": {"phone_number": "0244789034", "comment": "president of UDS for 2000/2001 academic year\r\n", "surname": "fishes", "Banquet": false, "date_updated": "2013-03-20T18:22:31.561Z", "institution": 3, "date_registered": "2013-03-20T18:22:31.561Z", "other_name": "laura", "sex": "Female", "email": "fishlau@gmail.com"}}, {"pk": 5, "model": "reg.alumni", "fields": {"phone_number": "0242206604", "comment": "", "surname": "qwusua", "Banquet": true, "date_updated": "2013-03-20T18:49:37.716Z", "institution": 1, "date_registered": "2013-03-20T18:49:37.716Z", "other_name": "kankam", "sex": "Female", "email": ""}}, {"pk": 6, "model": "reg.alumni", "fields": {"phone_number": "0268098923", "comment": "she was in stewards of praise", "surname": "Mends", "Banquet": true, "date_updated": "2013-03-20T18:49:39.072Z", "institution": 1, "date_registered": "2013-03-20T18:49:39.072Z", "other_name": "Eunice", "sex": "Female", "email": "nyarkomensahpelito@yahoo.com"}}, {"pk": 7, "model": "reg.alumni", "fields": {"phone_number": "0234215767", "comment": "", "surname": "Ankuma", "Banquet": true, "date_updated": "2013-03-20T18:54:11.879Z", "institution": 6, "date_registered": "2013-03-20T18:54:11.879Z", "other_name": "Adrienne", "sex": "Female", "email": "aankumah@gmail.com"}}, {"pk": 8, "model": "reg.alumni", "fields": {"phone_number": "0234567687", "comment": null, "surname": "philip", "Banquet": false, "date_updated": "2013-03-21T01:41:18.246Z", "institution": 1, "date_registered": null, "other_name": "Mensah", "sex": "Female", "email": ""}}, {"pk": 9, "model": "reg.alumni", "fields": {"phone_number": "0234576892", "comment": null, "surname": "Yaw", "Banquet": false, "date_updated": "2013-03-21T01:41:18.252Z", "institution": 1, "date_registered": null, "other_name": "Boakye", "sex": "Male", "email": "SK@yahoo.com"}}]